chapter,title,coordinate,code
001,第一回 甄士隐梦幻识通灵　贾雨村风尘怀闺秀,211-111-210,16410
002,第二回 贾夫人仙逝扬州城　冷子兴演说荣国府,120-111-110,11298
019,第十九回 情切切良宵花解语　意绵绵静日玉生香,010-010-010,2271
028,第二十八回 蒋玉菡情赠茜香罗　薛宝钗羞笼红麝串,001-111-000,1080
036,第三十六回 绣鸳鸯梦兆绛芸轩　识分定情悟梨香院,010-000-010,2190
041,第四十一回 栊翠庵茶品梅花雪　怡红院劫遇母蝗虫,001-111-000,1080
048,第四十八回 滥情人情误思游艺　慕雅女雅集苦吟诗,010-100-010,2433
052,第五十二回 俏平儿情掩虾须镯　勇晴雯病补雀金裘,001-000-000,729
054,第五十四回 史太君破陈腐旧套　王熙凤效戏彩斑衣,001-110-000,1053
063,第六十三回 寿怡红群芳开夜宴　死金丹独艳理亲丧,011-110-011,3244
081,第八十一回 占旺相四美钓游鱼　奉严词两番入家塾,011-100-110,3171
099,第九十九回 守官箴恶奴同破例　阅邸报老舅自担惊,011-111-110,3279
104,第一百四回 醉金刚小鳅生大浪　痴公子余痛触前情,001-111-110,1092
109,第一百九回 候芳魂五儿承错爱　还孽债迎女返真元,011-000-111,2929
118,第一百十八回 记微嫌舅兄欺弱女　惊谜语妻妾谏痴人,011-100-011,3163
