chapter,title,coordinate
001,mirror-new_1,001-001-002
002,mirror-new_2,102-121-112
003,mirror-new_3,211-111-211
004,mirror-new_4,221-122-102
005,mirror-new_5,001-000-002
006,mirror-new_6,211-112-121
007,mirror-new_7,221-111-211
008,mirror-new_8,221-122-202
009,mirror-new_9,220-122-211
010,mirror-new_10,221-122-112
011,mirror-new_11,211-111-212
012,mirror-new_12,210-122-210
013,mirror-new_13,220-112-101
014,mirror-new_14,211-111-111
015,mirror-new_15,211-112-201
016,mirror-new_16,211-122-101
017,mirror-new_17,221-112-202
018,mirror-new_18,220-112-111
019,mirror-new_19,222-212-212
020,mirror-new_20,222-222-222
021,mirror-new_21,211-122-211
022,mirror-new_22,221-122-202
023,mirror-new_23,211-112-202
024,mirror-new_24,221-122-212
025,mirror-new_25,220-122-011
026,mirror-new_26,221-112-212
027,mirror-new_27,211-112-202
028,mirror-new_28,211-112-202
029,mirror-new_29,210-111-212
030,mirror-new_30,221-222-212
031,mirror-new_31,221-222-211
032,mirror-new_32,220-222-201
033,mirror-new_33,220-122-101
034,mirror-new_34,220-222-202
035,mirror-new_35,222-222-212
036,mirror-new_36,211-222-202
037,mirror-new_37,211-112-211
038,mirror-new_38,221-112-221
039,mirror-new_39,211-112-212
040,mirror-new_40,221-112-221
